country ,year,PM2.5,Sex,CVD,Alzheimers_and_other_dementias,CRD,Diabetes_and_Kidney,tracheal_bronchus_lung cancer
Australia,1990,7.59,Male,296.99,56.82,43.18,101.64,96.99
Australia,1990,7.59,Female,209.43,126.54,13.92,35.69,32.1
Australia,1995,7.48,Male,235.54,64.9,47.69,113.57,113.32
Australia,1995,7.48,Female,170.51,148.55,15.51,40.06,31.94
Australia,2000,7.36,Male,195.89,77.91,50.46,127.32,129.36
Australia,2000,7.36,Female,143.15,177.48,16.43,44.71,36.23
Australia,2005,6.9,Male,140.83,92.07,81.73,130.12,120.17
Australia,2005,6.9,Female,102.01,206.57,25.68,43.68,37.22
Australia,2010,6.79,Male,142.55,107.07,104.71,116.93,116.84
Australia,2010,6.79,Female,102.04,225.83,32.01,39.75,41.93
Australia,2011,6.71,Male,136.47,109.23,107.43,121.72,114.17
Australia,2011,6.71,Female,97.51,229.71,31.4,41.88,42.31
Australia,2012,7,Male,127.47,111.74,109.31,129.85,112.69
Australia,2012,7,Female,90.5,232.97,32.96,45.09,42.17
Australia,2013,6.96,Male,122.19,114.76,108.97,140.02,109.98
Australia,2013,6.96,Female,85.48,236.54,32.46,49.14,42.32
Australia,2014,6.88,Male,119.4,117.68,109.58,148.66,108.97
Australia,2014,6.88,Female,83.25,240.22,34.15,52.72,43.32
Australia,2015,6.85,Male,117.62,120.97,112.33,151.96,109.25
Australia,2015,6.85,Female,80.35,243.76,35.99,53.71,43.88
Australia,2016,6.82,Male,125.27,124.35,108.76,152.42,107.5
Australia,2016,6.82,Female,84.62,246.93,35.94,54.57,43.64
Australia,2017,6.67,Male,146.6,128.1,104.69,151.62,101.53
Australia,2017,6.67,Female,97.44,250.41,35.16,53.89,42.09
Australia,2018,6.74,Male,165.6,131.25,105.94,150.26,97.53
Australia,2018,6.74,Female,109.94,253.92,36.46,54.95,40.79
Australia,2019,6.75,Male,182.42,135.11,106.43,150.46,93.38
Australia,2019,6.75,Female,118.8,259.23,37.11,55.34,39.18
Bangladesh,1990,52.91,Male,39.08,18.58,2343.45,419.63,660.82
Bangladesh,1990,52.91,Female,31.44,10.68,1953.47,324.75,578.49
Bangladesh,1995,51.64,Male,38.55,17.89,2457.6,415.58,748.7
Bangladesh,1995,51.64,Female,30.97,11.54,1876.34,309.82,556.3
Bangladesh,2000,53.75,Male,39.79,18.56,2278.45,407.79,874.18
Bangladesh,2000,53.75,Female,31.19,12.71,1703.3,284.34,719.57
Bangladesh,2005,55.06,Male,44.61,20.12,2497.88,391.37,852.73
Bangladesh,2005,55.06,Female,34.41,14.22,1850.8,261.3,754.73
Bangladesh,2010,56.42,Male,53.87,26.17,2768.91,326.53,814.08
Bangladesh,2010,56.42,Female,41.17,19.64,2088.53,215.03,735.68
Bangladesh,2011,60.54,Male,64.34,27.46,2793.42,336.95,774.29
Bangladesh,2011,60.54,Female,48.91,20.8,1975.8,224.82,708.77
Bangladesh,2012,68.94,Male,69.88,29,2815.32,354.25,749.38
Bangladesh,2012,68.94,Female,53.04,22.13,2033.17,237.31,682.77
Bangladesh,2013,66.43,Male,27.58,31.14,2792.49,373.49,720.34
Bangladesh,2013,66.43,Female,25.44,23.85,1942.5,251.92,663.12
Bangladesh,2014,73.27,Male,30.67,33.51,2762.73,389.78,707.28
Bangladesh,2014,73.27,Female,26.91,25.66,1977.96,263.31,662.94
Bangladesh,2015,68.97,Male,34.95,35.52,2781.61,397.1,702.58
Bangladesh,2015,68.97,Female,28.38,27.57,2029.56,267.06,663.33
Bangladesh,2016,67.77,Male,33.53,37.79,2638.92,400.2,689.68
Bangladesh,2016,67.77,Female,26.85,29.55,1916.88,269.45,651.49
Bangladesh,2017,62.75,Male,42.22,40.21,2525.45,402.73,650.72
Bangladesh,2017,62.75,Female,34.66,31.87,1818.95,270.06,619.51
Bangladesh,2018,63.28,Male,42.34,42.26,2541.6,404.29,631.01
Bangladesh,2018,63.28,Female,34.66,33.81,1866.48,273.01,598.44
Bangladesh,2019,63.43,Male,41.44,44.33,2546.69,404.79,610.15
Bangladesh,2019,63.43,Female,33.68,35.87,1863.18,273.83,567.82
Brazil,1990,14.63,Male,54.02,43.29,165.24,121.73,249.45
Brazil,1990,14.63,Female,19.91,61.46,182.5,93.14,341.33
Brazil,1995,14.48,Male,45.94,48.32,171.82,128.56,254.09
Brazil,1995,14.48,Female,19.78,70.72,192.32,98.53,354.22
Brazil,2000,14.59,Male,42.05,55.83,182.82,132.76,261.06
Brazil,2000,14.59,Female,20.86,83.9,202.58,101.7,366.25
Brazil,2005,14.57,Male,34.49,64.92,186.57,135.58,265.68
Brazil,2005,14.57,Female,19.45,99.8,203.83,105.4,369.15
Brazil,2010,14.08,Male,37.07,78.27,188.34,139.91,262.95
Brazil,2010,14.08,Female,23.31,120.79,201.76,111.57,359.96
Brazil,2011,14.69,Male,36.56,81.23,195.46,143.64,264.01
Brazil,2011,14.69,Female,23.19,125.06,209.14,117.68,356.08
Brazil,2012,13.79,Male,35.18,84.29,200.94,147.07,260.42
Brazil,2012,13.79,Female,22.98,129.15,213.42,121.64,344.6
Brazil,2013,13.16,Male,34.3,87.49,256.87,74.65,193.14
Brazil,2013,13.16,Female,22.3,133.37,177.42,60.98,169.24
Brazil,2014,13,Male,33.68,90.81,264.28,82.06,232.25
Brazil,2014,13,Female,22.36,137.73,176.61,62.02,174.02
Brazil,2015,11.69,Male,32.62,94.17,229.06,99.56,273.29
Brazil,2015,11.69,Female,21.85,142.59,155.86,75.07,199.59
Brazil,2016,11.42,Male,36.05,97.96,183.64,110.88,244.91
Brazil,2016,11.42,Female,24.07,148.26,120.34,82.66,188.72
Brazil,2017,11.67,Male,42.81,101.84,195.48,104.24,221.34
Brazil,2017,11.67,Female,28.51,153.97,128.22,79.38,170.23
Brazil,2018,11.63,Male,49.43,105.91,197.04,107.73,210.77
Brazil,2018,11.63,Female,34.12,160.3,124.86,82.22,164.2
Brazil,2019,11.65,Male,54.55,109.85,195.85,114.09,203.04
Brazil,2019,11.65,Female,37.06,166.8,125.36,87.24,158.78
Canada,1990,10.09,Male,41.91,80.5,190.71,48.66,196.11
Canada,1990,10.09,Female,23.36,141.48,120.57,26.38,154.87
Canada,1995,9.77,Male,35.54,93.33,187.85,49.04,192.98
Canada,1995,9.77,Female,23.18,167.36,122.08,26.12,153.81
Canada,2000,9.2,Male,31.79,100.52,188.43,52.36,191.46
Canada,2000,9.2,Female,23.49,184.14,123.5,26.43,152.43
Canada,2005,9.02,Male,22.81,116.71,182.48,53.03,188.3
Canada,2005,9.02,Female,18.97,205.49,122.26,25.65,150.2
Canada,2010,7.88,Male,26.32,137.95,177.09,49.37,181.1
Canada,2010,7.88,Female,23.01,226.17,119.88,22.86,146.4
Canada,2011,7.34,Male,26.43,143.53,179.74,51.87,175.89
Canada,2011,7.34,Female,23.37,231.09,123.67,24.08,143.14
Canada,2012,7.6,Male,26.06,149.46,181.66,55.68,169.75
Canada,2012,7.6,Female,22.96,236.37,125.63,26.01,139.07
Canada,2013,7.28,Male,26.03,155.3,72.89,60.54,113.49
Canada,2013,7.28,Female,22.83,241.99,89.41,28.1,145.62
Canada,2014,7.49,Male,26.55,161.13,82.15,64.59,137.58
Canada,2014,7.49,Female,23.17,247.56,94.92,29.93,160.6
Canada,2015,7.28,Male,26.56,167.57,93.1,66.81,173.97
Canada,2015,7.28,Female,23.56,252.96,104.35,31.15,218.58
Canada,2016,6.21,Male,29.18,174.54,123.46,68.35,201.45
Canada,2016,6.21,Female,26.2,260.43,138.61,31.61,262.34
Canada,2017,7.28,Male,35.44,181.51,149.68,71.78,242.76
Canada,2017,7.28,Female,32.28,268.21,172.5,32.13,323.94
Canada,2018,7.08,Male,40.2,187.32,157.74,72.55,244.06
Canada,2018,7.08,Female,37.58,275.36,173.36,32.28,329.52
Canada,2019,7.1,Male,43.95,192.33,163.13,72.91,247.44
Canada,2019,7.1,Female,40.68,281.64,183.2,32.21,334.62
China,1990,48.88,Male,128.08,41.69,43.09,488.3,75.28
China,1990,48.88,Female,132.51,41.23,14.4,406.97,37.08
China,1995,49.09,Male,134.94,47.01,37.52,517.85,64.33
China,1995,49.09,Female,138.45,49.64,15.09,429.55,39.48
China,2000,50.76,Male,136.87,56.53,35.03,512.49,58.36
China,2000,50.76,Female,145,66.36,15.16,395.58,42.08
China,2005,51.55,Male,143.22,64.31,30.12,459.29,45.15
China,2005,51.55,Female,152.82,73.93,13.98,340.16,37.06
China,2010,53.29,Male,152.77,82.01,24.95,457.27,36.49
China,2010,53.29,Female,162.89,92.35,13.27,324.89,33.09
China,2011,58.41,Male,158.78,86.23,23.79,453.85,34.81
China,2011,58.41,Female,171.49,97.18,12.78,320.14,31.57
China,2012,58.91,Male,164.76,91.06,21.2,457.62,30.81
China,2012,58.91,Female,179.62,102.94,11.48,326.03,28.34
China,2013,63.29,Male,70.82,95.97,18.23,485.25,26.35
China,2013,63.29,Female,62.12,108.84,10.11,341.22,25.27
China,2014,60.27,Male,76.39,101.15,15.75,494.13,22.74
China,2014,60.27,Female,65.49,116.07,8.98,348.81,22.9
China,2015,56.2,Male,92.5,105.85,14.35,505.8,20.66
China,2015,56.2,Female,75.22,122.24,8.53,350.79,20.77
China,2016,51.59,Male,105.46,109.65,13.98,517.14,19.48
China,2016,51.59,Female,90.73,128.66,8.31,352.66,20.08
China,2017,49.93,Male,125.81,113.39,13.77,487.8,19.27
China,2017,49.93,Female,120.54,134.86,8.28,329.45,20.31
China,2018,49.28,Male,124.54,116.54,13.41,465.75,18.43
China,2018,49.28,Female,123.34,140.44,8.15,309.99,19.64
China,2019,47.67,Male,124.2,120.69,12.83,457.95,16.87
China,2019,47.67,Female,127.09,147.75,7.85,303.12,18.85
Egypt,1990,66.64,Male,2013.05,29.75,89.5,52.04,865.34
Egypt,1990,66.64,Female,1196.1,27.92,19.24,24.33,591.41
Egypt,1995,74.62,Male,1817.93,32.67,74.48,52.55,668.96
Egypt,1995,74.62,Female,1036.21,30.05,18.44,24.68,475.85
Egypt,2000,69.85,Male,1850.15,36.91,57.12,50.24,532.82
Egypt,2000,69.85,Female,985.39,33.11,18.14,24.12,415.17
Egypt,2005,69.66,Male,2024.16,42.96,50.56,42.34,349.94
Egypt,2005,69.66,Female,1069,33.55,18.36,20.71,273.16
Egypt,2010,78.51,Male,2174.32,46.77,41.81,32.13,258.21
Egypt,2010,78.51,Female,1231.44,36.3,17.65,17.9,205.16
Egypt,2011,69.78,Male,2088.94,47.79,37.67,30.77,235.13
Egypt,2011,69.78,Female,1239.08,37.26,16.83,17.94,186.71
Egypt,2012,69.7,Male,2043.92,48.46,33.37,29.9,206.15
Egypt,2012,69.7,Female,1279.93,38.45,15.43,17.41,160.89
Egypt,2013,74.76,Male,2061.75,49.12,29.21,30.04,174.67
Egypt,2013,74.76,Female,1310.83,39.35,13.71,18.33,134.65
Egypt,2014,72.02,Male,2128.22,50.13,24.74,29.46,148.75
Egypt,2014,72.02,Female,1356.35,40.58,12.18,18.28,114.04
Egypt,2015,73.13,Male,2186.54,51.27,22.84,28.78,134.45
Egypt,2015,73.13,Female,1391.92,41.67,11.6,18.08,100.31
Egypt,2016,20.71,Male,2229.4,52.31,22.4,27.86,126.65
Egypt,2016,20.71,Female,1430.29,42.82,11.34,17.71,94.48
Egypt,2017,66.96,Male,2328.72,53.46,21.64,25.35,120.73
Egypt,2017,66.96,Female,1466.18,43.84,11.13,16.43,88.2
Egypt,2018,68.47,Male,2346.48,54.96,20.74,23.01,114.92
Egypt,2018,68.47,Female,1486.08,45.05,10.99,15.25,83.33
Egypt,2019,67.89,Male,2353.49,56.62,19.43,21.93,104.86
Egypt,2019,67.89,Female,1494.6,46.39,10.42,14.4,75.44
Finland,1990,8.8,Male,73.7,87.05,664.18,214.86,42.61
Finland,1990,8.8,Female,12.53,190.54,470.52,249.03,31.64
Finland,1995,8.14,Male,64.07,95.73,518.88,247.42,38.2
Finland,1995,8.14,Female,12.58,218.89,380.72,287.95,28.7
Finland,2000,7.51,Male,61.16,113.9,403,234.73,36.13
Finland,2000,7.51,Female,13.25,251.52,296.97,269.16,27.51
Finland,2005,7.11,Male,62.87,135.37,322.21,287.19,35.9
Finland,2005,7.11,Female,15.85,282.64,230.76,312.63,27.4
Finland,2010,7.21,Male,67.18,169.39,260.62,288.32,35.66
Finland,2010,7.21,Female,19.71,325.14,183.54,302.91,27.72
Finland,2011,7.02,Male,65.43,177.99,236.13,289.6,34.7
Finland,2011,7.02,Female,20.19,335.6,166.01,303.53,26.99
Finland,2012,6.36,Male,64.13,185.34,203.52,296.68,33.36
Finland,2012,6.36,Female,20.89,345.01,147.6,311.51,25.77
Finland,2013,5.98,Male,64.03,193.4,171.78,313.22,62.91
Finland,2013,5.98,Female,21.64,354.68,124.56,327.71,55.6
Finland,2014,6.37,Male,64.97,201.5,147.05,331.75,62.01
Finland,2014,6.37,Female,22.19,364.08,105.79,347.23,51.94
Finland,2015,5.63,Male,65.24,207.91,132.15,331.62,63.95
Finland,2015,5.63,Female,23.33,372.1,93.69,348.24,53.85
Finland,2016,5.59,Male,66.72,216.39,127.39,344.74,59.32
Finland,2016,5.59,Female,24.48,379.75,88.11,353.89,47.2
Finland,2017,5.26,Male,69.04,221.98,120.75,341.15,56.62
Finland,2017,5.26,Female,25.53,385.41,85.17,343.89,42.55
Finland,2018,5.6,Male,69.58,228.57,116.03,341.49,52.67
Finland,2018,5.6,Female,26.42,392.28,80.98,343.12,39.75
Finland,2019,5.57,Male,69.77,235.5,109.02,339.29,47.29
Finland,2019,5.57,Female,27.16,400.6,76.39,342.42,35.95
France,1990,18.55,Male,909.48,74.28,29.18,116.49,49.3
France,1990,18.55,Female,435.82,115.47,23.92,97.23,43.02
France,1995,17.23,Male,807.17,81.47,26.12,118.96,46.25
France,1995,17.23,Female,406.35,133.14,21.58,100.06,47.52
France,2000,16.08,Male,798.48,88.42,24.75,126.42,46.63
France,2000,16.08,Female,394.35,146.49,20.47,102.71,53.34
France,2005,14.9,Male,808.77,101.84,25.34,107.1,36.18
France,2005,14.9,Female,426.34,165.24,20.84,90.51,45.87
France,2010,15.08,Male,843.4,117.09,25.85,96.46,29.78
France,2010,15.08,Female,482.23,188.92,21.15,81.69,40.8
France,2011,14.99,Male,790.36,120.61,26.02,91.13,28.15
France,2011,14.99,Female,482.88,193.84,21.27,80.2,39.3
France,2012,13.69,Male,741.74,125.04,25.4,89.43,25.52
France,2012,13.69,Female,485.44,199.45,20.88,80,36.16
France,2013,13.61,Male,743.03,128.74,36.21,92.85,22.22
France,2013,13.61,Female,493.45,204.33,38.56,83.24,31.5
France,2014,11.59,Male,774.86,132.79,38.33,92.68,19.41
France,2014,11.59,Female,500.54,209.41,37.19,84.12,27.84
France,2015,12.31,Male,754.22,137.65,35.95,91.89,17.89
France,2015,12.31,Female,514.25,215.76,34.81,83.54,26.12
France,2016,11.49,Male,772.76,142.23,38.42,89,17.41
France,2016,11.49,Female,526.3,222.3,31.53,81.6,26.11
France,2017,11.43,Male,816.47,146.86,36.79,79.35,17.2
France,2017,11.43,Female,538.64,228.93,30.05,73.8,25.68
France,2018,11.54,Male,817.75,150.93,35.31,72.63,16.56
France,2018,11.54,Female,545.13,235.36,28.62,67.13,24.84
France,2019,11.41,Male,818.94,155.01,32.67,70.39,15.45
France,2019,11.41,Female,550.4,240.56,26.45,63.82,23.18
Germany,1990,20.56,Male,905.9,111.54,103.98,45.14,"1,276.54"
Germany,1990,20.56,Female,657.76,266.87,60.26,23,"1,000.15"
Germany,1995,18.64,Male,769.33,116.4,101.2,38.44,"1,405.28"
Germany,1995,18.64,Female,586.7,290.92,60.83,22.02,"1,032.39"
Germany,2000,16.44,Male,671.81,131.45,75.6,33.02,"1,409.46"
Germany,2000,16.44,Female,501.87,327.6,46,21.98,"1,086.54"
Germany,2005,15.08,Male,604.86,155.12,62.74,25.74,"1,479.74"
Germany,2005,15.08,Female,448.23,365.47,39.22,18.93,"1,077.77"
Germany,2010,16.09,Male,566.4,190.9,55.51,28.93,"1,179.25"
Germany,2010,16.09,Female,398.44,404.72,36.56,24.43,817.91
Germany,2011,15.58,Male,546.82,195.15,54.03,28.28,"1,149.62"
Germany,2011,15.58,Female,383.4,413.18,36.12,24.38,773.04
Germany,2012,13.81,Male,510.34,200.98,51.93,27.14,"1,113.31"
Germany,2012,13.81,Female,355.8,422.27,35.6,23.45,735.09
Germany,2013,13.58,Male,476.7,207.44,49.32,25.6,"1,075.74"
Germany,2013,13.58,Female,330.34,432.17,34.37,23.06,702.71
Germany,2014,12.25,Male,443.48,214.68,45.53,25.42,"1,055.07"
Germany,2014,12.25,Female,307.95,445.23,32.64,22.38,680.49
Germany,2015,12.73,Male,427.09,220.71,45.43,24.97,"1,062.14"
Germany,2015,12.73,Female,299.16,459.59,33.04,22.33,675.92
Germany,2016,11.78,Male,431.67,231.35,43.47,25.7,"1,103.62"
Germany,2016,11.78,Female,299.51,476.68,32.24,23.52,697.64
Germany,2017,11.88,Male,419.35,241.98,41.4,26.73,"1,116.39"
Germany,2017,11.88,Female,288.11,489.76,30.8,27.02,693.58
Germany,2018,11.92,Male,412.61,255.62,39.07,29.17,"1,160.90"
Germany,2018,11.92,Female,282.38,506.36,29.37,29.69,723.76
Germany,2019,11.81,Male,411.11,269.04,37.25,30.55,"1,238.71"
Germany,2019,11.81,Female,280.14,522.7,28.21,30.89,761.39
India,1990,71.5,Male,132.72,15.58,688.67,286.6,204.65
India,1990,71.5,Female,139.71,13.9,521.22,192.35,222.41
India,1995,65.62,Male,128.52,17.51,615.37,236.46,213.95
India,1995,65.62,Female,135.36,16.76,444.98,158.9,230.95
India,2000,70.48,Male,128.06,19.18,538.15,192.67,224.42
India,2000,70.48,Female,134.01,20.38,380.65,136.28,239.98
India,2005,70.81,Male,131.89,21.43,439.43,139.65,237.35
India,2005,70.81,Female,136.25,25.51,302.6,102.3,252.4
India,2010,76.68,Male,135.08,25.04,357.56,140.54,247.43
India,2010,76.68,Female,137.17,31.3,248.29,99.35,261.55
India,2011,80,Male,138.82,25.89,339.08,137.5,261.17
India,2011,80,Female,139.4,32.71,234.82,98.28,276.31
India,2012,86.38,Male,141.99,26.76,319.49,131.81,278.52
India,2012,86.38,Female,142.53,34.04,223.07,91.19,293.18
India,2013,89.45,Male,65.03,27.78,294.38,123.27,88.82
India,2013,89.45,Female,25.96,35.58,205.59,82.98,111.86
India,2014,95.24,Male,63.6,28.4,268.84,117.65,116.11
India,2014,95.24,Female,27.52,36.68,188.95,79.91,145.15
India,2015,88.45,Male,62.11,28.86,259.51,112.1,138.02
India,2015,88.45,Female,30.16,37.89,179.64,76.99,179.69
India,2016,92.23,Male,61.29,29.56,243.08,115.28,165.56
India,2016,92.23,Female,32.82,39.38,170.34,77.17,201.98
India,2017,81.81,Male,57.84,30.68,229.1,129.5,180.65
India,2017,81.81,Female,34.92,41.29,159.53,84.24,206.27
India,2018,83.04,Male,55.73,32.01,212.87,140.14,189.8
India,2018,83.04,Female,34.87,43.18,149.78,91.03,211.4
India,2019,83.2,Male,52.87,33.34,200.05,146.02,197.49
India,2019,83.2,Female,33.8,45.2,142.02,93.65,216.8
Japan,1990,13.11,Male,49.94,88.49,262.04,27.96,568.9
Japan,1990,13.11,Female,32.42,125.39,35.75,26.88,252.27
Japan,1995,12.74,Male,47.21,108.73,256.31,27.84,537.82
Japan,1995,12.74,Female,31.55,165.88,41.05,26.55,240.66
Japan,2000,12.79,Male,45.64,131.45,256.56,30.96,496.9
Japan,2000,12.79,Female,31.54,215.04,48.85,26.65,226.71
Japan,2005,12.06,Male,45.86,160.63,238.79,28.83,457.47
Japan,2005,12.06,Female,31.81,272.23,58.55,23.81,199.64
Japan,2010,11.53,Male,44.71,192.65,212.69,33.43,323.74
Japan,2010,11.53,Female,31.73,322.96,64.14,27.51,146.37
Japan,2011,12.68,Male,44.3,199.74,204.98,33.14,314.63
Japan,2011,12.68,Female,31.98,336.44,64.67,27.63,140.08
Japan,2012,13.11,Male,44.02,207.53,194.85,32.36,294.97
Japan,2012,13.11,Female,32.08,351.24,64.58,26.96,129.55
Japan,2013,13.37,Male,95.07,215.38,182.41,32.34,272.17
Japan,2013,13.37,Female,113.56,366.36,61.8,26.3,117
Japan,2014,13.71,Male,102.95,222.79,170.35,31.4,258
Japan,2014,13.71,Female,124.23,380.06,60.89,26.21,109.45
Japan,2015,13.41,Male,112.17,230.64,160.77,30.6,249.92
Japan,2015,13.41,Female,130.85,393.71,58.14,27,103.88
Japan,2016,13.36,Male,121.24,239.19,149.76,34.91,253.08
Japan,2016,13.36,Female,136.2,406.86,55.71,29.78,102.75
Japan,2017,13.57,Male,139.83,249.49,140.67,39.73,255.9
Japan,2017,13.57,Female,149.89,420.23,52.73,32.98,102.26
Japan,2018,13.48,Male,140.98,259.13,128.82,44.32,267.44
Japan,2018,13.48,Female,149.55,433.16,49.64,36.89,105.43
Japan,2019,13.47,Male,136.83,267.74,119.94,47.47,285.16
Japan,2019,13.47,Female,144.74,445.06,47.22,39.38,109.43
Mexico,1990,32.68,Male,169.19,29.11,80.29,35.71,248.12
Mexico,1990,32.68,Female,125.63,36.81,60.94,25.27,116.6
Mexico,1995,31.76,Male,168.68,31.8,76.74,34.22,271.91
Mexico,1995,31.76,Female,127.83,40.92,57.72,25.75,135.17
Mexico,2000,30.41,Male,158.74,35.03,75.93,31.06,272.62
Mexico,2000,30.41,Female,122.29,46.34,56.78,26.54,144.82
Mexico,2005,23.14,Male,138.32,40,74.35,23.18,285.25
Mexico,2005,23.14,Female,108.3,55.84,55.67,22.53,143.29
Mexico,2010,21.62,Male,113.06,45.69,73.47,25.71,242.47
Mexico,2010,21.62,Female,91.74,65.12,54.14,24.9,120.87
Mexico,2011,24.72,Male,108.43,46.74,71.94,25.33,240.49
Mexico,2011,24.72,Female,89.23,67.07,52.51,24.54,118.29
Mexico,2012,22.81,Male,99.82,47.89,70.1,23.98,232.66
Mexico,2012,22.81,Female,82.56,69.26,51.11,23.89,114.09
Mexico,2013,23.61,Male,92.81,49.14,58.44,23.19,222.91
Mexico,2013,23.61,Female,77.68,71.65,60.25,22.53,109.28
Mexico,2014,22.04,Male,85.37,50.25,62.97,22.57,218.29
Mexico,2014,22.04,Female,73.14,73.88,59.43,22.7,107.5
Mexico,2015,22.11,Male,83.04,51.43,88.94,22.12,219.91
Mexico,2015,22.11,Female,72.26,76.07,76.14,22.05,108.68
Mexico,2016,21.27,Male,83.72,52.73,92.93,22.52,227.15
Mexico,2016,21.27,Female,72.56,78.54,73.36,23.21,111.69
Mexico,2017,20.42,Male,81.25,53.97,88.5,24.58,231.2
Mexico,2017,20.42,Female,71.89,80.87,68.52,26.59,113.57
Mexico,2018,20.39,Male,79.7,55.53,86.71,26.97,241.87
Mexico,2018,20.39,Female,71.27,83.59,65.64,29.47,119.77
Mexico,2019,20.12,Male,79.7,57.32,84.35,28.31,260.09
Mexico,2019,20.12,Female,71.75,86.56,63.75,30.9,126.54
New Zealand,1990,6.95,Male,124.4,69.97,115.98,100.76,58.21
New Zealand,1990,6.95,Female,59.59,145.52,99.44,42.65,14.3
New Zealand,1995,6.89,Male,113.46,75.74,111.69,89.84,54.63
New Zealand,1995,6.89,Female,65.23,160.55,95.06,44.72,13.7
New Zealand,2000,6.77,Male,97.37,86.29,110.79,80.5,36.22
New Zealand,2000,6.77,Female,65.79,175.61,93.63,47.66,10.25
New Zealand,2005,6.35,Male,91.82,99.12,110.42,56.61,29.06
New Zealand,2005,6.35,Female,67.8,191.32,92.21,37.59,9.09
New Zealand,2010,6.3,Male,59.69,115.81,109.92,45.52,38.78
New Zealand,2010,6.3,Female,48.02,208.01,89.96,34.51,11.92
New Zealand,2011,6.11,Male,56.96,120.37,108.17,43.71,41.75
New Zealand,2011,6.11,Female,46.25,213.74,87.59,32.75,13.01
New Zealand,2012,6.23,Male,54.61,125.04,104.75,39.37,40.57
New Zealand,2012,6.23,Female,44.96,219.37,84.47,30.36,13.66
New Zealand,2013,6.26,Male,51.57,129.25,341.65,35.55,43.63
New Zealand,2013,6.26,Female,43.54,225.11,77.53,28.33,13.94
New Zealand,2014,6.05,Male,50.24,132.82,309.22,31.95,50.17
New Zealand,2014,6.05,Female,42.69,230.61,81.99,26.11,15.33
New Zealand,2015,6.01,Male,44.69,134.94,261.67,29.28,49.98
New Zealand,2015,6.01,Female,38.67,234.19,82.66,24.47,15.07
New Zealand,2016,6.08,Male,42,136.94,226.26,29.25,49.81
New Zealand,2016,6.08,Female,36.52,237.44,86.88,25.28,15.25
New Zealand,2017,5.98,Male,37.97,139.75,220.83,27.66,48.4
New Zealand,2017,5.98,Female,32.75,242.04,98.39,24.52,15.08
New Zealand,2018,6.03,Male,34.33,141.94,213.09,26.52,46.66
New Zealand,2018,6.03,Female,29.37,245.41,98.89,24.22,14.66
New Zealand,2019,6.05,Male,32.12,144.65,202.23,24.25,45.49
New Zealand,2019,6.05,Female,27.6,249.45,96.69,23.13,14.4
Norway,1990,11.76,Male,57.3,133.38,193.59,59.61,988.75
Norway,1990,11.76,Female,37.59,241.36,95.44,38.85,856.03
Norway,1995,10.68,Male,57.22,134.22,173.41,62.23,"1,398.04"
Norway,1995,10.68,Female,44.93,256.65,91.87,48.58,"1,196.15"
Norway,2000,10.09,Male,52.43,135.75,159.08,66.24,"1,304.19"
Norway,2000,10.09,Female,47.12,264.25,85.23,60.25,996.62
Norway,2005,8.17,Male,47.73,132.18,148.66,48.34,"1,425.50"
Norway,2005,8.17,Female,47.48,260.25,82.45,45.58,"1,035.47"
Norway,2010,8.1,Male,32.02,131.16,136.4,41.5,"1,412.44"
Norway,2010,8.1,Female,33.5,254.57,76.29,42.58,"1,037.59"
Norway,2011,9.05,Male,30.7,131.16,125.9,39.78,"1,461.33"
Norway,2011,9.05,Female,32.47,254.17,71.29,42.16,"1,102.83"
Norway,2012,7.56,Male,30.09,130.37,114.61,37.21,"1,513.66"
Norway,2012,7.56,Female,31.45,252.07,67.13,40.17,"1,161.97"
Norway,2013,7.28,Male,29.9,130,198.01,34.56,"1,639.84"
Norway,2013,7.28,Female,31.1,250.14,119.05,37.25,"1,198.52"
Norway,2014,7.45,Male,29.21,129.99,169.94,31.49,"1,710.17"
Norway,2014,7.45,Female,30.41,248.57,108.7,33.66,"1,252.41"
Norway,2015,7.01,Male,27.95,130.98,136.87,30.05,"1,731.27"
Norway,2015,7.01,Female,29.64,247.99,97.82,32.38,"1,305.68"
Norway,2016,6.59,Male,26.45,132.5,122.2,28.54,"1,698.70"
Norway,2016,6.59,Female,27.81,248.72,93.62,31.91,"1,295.77"
Norway,2017,6.65,Male,24.34,135.56,133.98,27.11,"1,633.15"
Norway,2017,6.65,Female,25.77,250.33,107.42,31.74,"1,286.01"
Norway,2018,6.7,Male,22.38,140.22,132.14,26.14,"1,566.52"
Norway,2018,6.7,Female,23.62,253.23,106.84,30.79,"1,232.95"
Norway,2019,6.64,Male,21.33,144.48,127.19,24.78,"1,526.69"
Norway,2019,6.64,Female,22.66,256.18,103.49,29.38,"1,191.31"
Pakistan,1990,60.74,Male,465.17,24.58,122.79,919.99,90.64
Pakistan,1990,60.74,Female,306.8,14.82,100.41,603.63,100.89
Pakistan,1995,53.46,Male,419.04,25.45,112.51,689.06,98.09
Pakistan,1995,53.46,Female,286.2,16.45,92.99,476.55,113.32
Pakistan,2000,57.72,Male,349.77,25.46,109.14,509.3,107.49
Pakistan,2000,57.72,Female,241.94,19.39,90.87,388.72,123.34
Pakistan,2005,55.21,Male,294.77,24.99,102.99,275.86,109.98
Pakistan,2005,55.21,Female,203.25,21.75,87.09,213.61,126.24
Pakistan,2010,59.61,Male,180.6,24.88,95.96,187.43,111.58
Pakistan,2010,59.61,Female,122.17,24.31,84.47,146.55,128.31
Pakistan,2011,59.99,Male,166.48,24.89,89.96,174.5,112.66
Pakistan,2011,59.99,Female,113.12,24.81,80.56,136.63,128.79
Pakistan,2012,65.41,Male,160.09,24.92,83.02,155.12,114.6
Pakistan,2012,65.41,Female,107.36,25.3,75.47,121.51,129.74
Pakistan,2013,66.85,Male,154.52,24.82,88.29,137.54,31.46
Pakistan,2013,66.85,Female,103.14,25.86,126.65,104.92,32.18
Pakistan,2014,70.94,Male,149.56,24.99,105.66,119.54,48.88
Pakistan,2014,70.94,Female,100.53,26.29,131.33,90.73,52.06
Pakistan,2015,66.93,Male,139.5,25.18,99.6,108.83,47.26
Pakistan,2015,66.93,Female,93.69,26.78,107.47,81.21,50.17
Pakistan,2016,68.72,Male,132.14,25.25,110.17,99.39,59.22
Pakistan,2016,68.72,Female,87.43,27.24,105.64,74.44,60.43
Pakistan,2017,61.75,Male,120.93,25.6,117.07,90.99,75.33
Pakistan,2017,61.75,Female,79.22,27.88,104.98,68.54,82.59
Pakistan,2018,62.4,Male,109.63,25.82,118.15,86.41,77.69
Pakistan,2018,62.4,Female,71.64,28.13,104.08,63.93,87.22
Pakistan,2019,62.57,Male,103.74,26.09,117.25,79.53,83.48
Pakistan,2019,62.57,Female,68.33,28.73,102.23,57.67,93.12
South Africa,1990,28.76,Male,56.51,23.69,1730.35,59.64,74.73
South Africa,1990,28.76,Female,37.34,55.72,1516.63,52.12,64.37
South Africa,1995,29.18,Male,56.64,24.2,1408,58.65,84.57
South Africa,1995,29.18,Female,37.04,59.43,1226.5,47.89,64.92
South Africa,2000,28.69,Male,56.28,24.43,1097.58,61.42,51.74
South Africa,2000,28.69,Female,36.26,66.06,931.64,49.87,38.6
South Africa,2005,27.03,Male,54.66,26.51,878.66,50.41,46.47
South Africa,2005,27.03,Female,35.35,73.25,706.97,40.63,30.06
South Africa,2010,29.4,Male,51.85,29.14,785.3,43.17,35.62
South Africa,2010,29.4,Female,33.35,82.94,599.54,33.62,28.38
South Africa,2011,29.45,Male,49.18,29.74,748.19,39.93,35.79
South Africa,2011,29.45,Female,31.74,85.08,566.69,31.48,30.62
South Africa,2012,29.17,Male,49.18,30.3,714.18,37.51,38.03
South Africa,2012,29.17,Female,31.64,86.87,532.48,29.04,32.17
South Africa,2013,28.77,Male,46.76,30.99,671.58,34.44,43.76
South Africa,2013,28.77,Female,41.72,88.81,495.3,26.24,37.54
South Africa,2014,29,Male,61.81,31.77,607.01,31.24,46.69
South Africa,2014,29,Female,50.61,90.81,444.31,23.82,41.2
South Africa,2015,29.24,Male,70.74,32.59,573.19,29.82,47.59
South Africa,2015,29.24,Female,54.23,92.86,414.07,22.36,43.35
South Africa,2016,28.72,Male,81.42,33.45,535.63,29.9,47.21
South Africa,2016,28.72,Female,59.93,95.16,382.66,22.36,43.19
South Africa,2017,28.86,Male,61.83,34.34,487.51,29.9,45.75
South Africa,2017,28.86,Female,42.33,97.24,343.35,22.5,42.67
South Africa,2018,28.75,Male,58.83,35.36,449.64,30.33,43.86
South Africa,2018,28.75,Female,39.7,99.43,315.8,21.93,40.58
South Africa,2019,28.67,Male,57.42,36.39,411.68,29.94,42.65
South Africa,2019,28.67,Female,38.54,101.78,286.46,21.73,39.18
Sweden,1990,9.78,Male,62.01,115.24,51.75,110.39,306.67
Sweden,1990,9.78,Female,70.38,222.97,15.79,17.04,136.01
Sweden,1995,8.85,Male,70.48,124.14,53.49,123.15,254.54
Sweden,1995,8.85,Female,78.89,248.98,17.41,20.71,131.68
Sweden,2000,8.43,Male,92.79,137.68,53.09,135.55,196.55
Sweden,2000,8.43,Female,96.23,278.27,18.78,23.03,117.64
Sweden,2005,7.31,Male,107.74,153.25,52.71,130.83,154.32
Sweden,2005,7.31,Female,111.77,303.43,19.86,23.85,103.97
Sweden,2010,7.4,Male,120.49,163.55,54.51,117.21,118.64
Sweden,2010,7.4,Female,116.81,318.94,21.02,23.18,88.21
Sweden,2011,7.47,Male,123.71,167.05,56.7,116.54,112.2
Sweden,2011,7.47,Female,119.02,323.22,21.98,23.36,84.88
Sweden,2012,6.17,Male,127.01,171.24,57.89,116.73,104.44
Sweden,2012,6.17,Female,120.7,326.07,23.29,23.43,80.83
Sweden,2013,6.17,Male,130.09,174.3,58.29,116.64,98.21
Sweden,2013,6.17,Female,122.7,327.88,24.64,23.94,76.27
Sweden,2014,6.45,Male,133.15,177.55,59.01,116.91,91.98
Sweden,2014,6.45,Female,125.34,329.66,25.76,24.13,72.82
Sweden,2015,5.87,Male,136.13,180.53,60.42,117.03,86.18
Sweden,2015,5.87,Female,127.94,331.35,27.68,24.5,69.22
Sweden,2016,5.45,Male,140.2,182.56,61.44,116.34,83.47
Sweden,2016,5.45,Female,131.96,332.48,28.92,24.77,67.48
Sweden,2017,5.69,Male,145.43,183.22,62.34,114.64,79.47
Sweden,2017,5.69,Female,136.87,330.44,30.13,24.93,64.94
Sweden,2018,5.69,Male,150.67,185.58,63.63,111.61,77.22
Sweden,2018,5.69,Female,141.95,329.63,30.83,24.62,62.94
Sweden,2019,5.65,Male,155.25,188.77,63.21,108.32,74.52
Sweden,2019,5.65,Female,146.11,330.08,30.67,24.38,61.01
Thailand,1990,38.36,Male,1586.95,30.27,1651.54,1312.48,239.19
Thailand,1990,38.36,Female,1497.61,33.97,1173.68,1277.11,143.8
Thailand,1995,36.12,Male,1550.23,35.79,1716.51,1487.28,204.55
Thailand,1995,36.12,Female,1469.74,42.61,1191.23,1484.4,144.39
Thailand,2000,34.53,Male,1471.78,41.32,1712.88,1570.49,172.13
Thailand,2000,34.53,Female,1329.16,52.96,1162.18,1442.5,142.84
Thailand,2005,35.32,Male,1294.51,51.36,1724.19,1592.45,145.4
Thailand,2005,35.32,Female,1096.57,68.84,1125.16,1342.09,132.15
Thailand,2010,35.42,Male,1028.54,62.43,1848.07,1518.5,111.33
Thailand,2010,35.42,Female,820.5,86.65,1169.29,1239.35,104.27
Thailand,2011,29.91,Male,989.61,67.48,1912.88,1529.53,106.99
Thailand,2011,29.91,Female,786.67,93.52,1212.93,1252.55,101.14
Thailand,2012,31.34,Male,956.13,72.22,1950.49,1559.18,103.5
Thailand,2012,31.34,Female,743.05,100.7,1292.42,1286.81,97.56
Thailand,2013,33.79,Male,921.8,76.69,1972.05,1590.03,98.62
Thailand,2013,33.79,Female,711.62,107.97,1327.62,1326.16,93.21
Thailand,2014,29.43,Male,886.91,81.6,1993.59,1612.54,89.81
Thailand,2014,29.43,Female,688.03,116.01,1357.38,1355.73,83.79
Thailand,2015,28.04,Male,855.09,86.39,1981.05,1612.48,88.51
Thailand,2015,28.04,Female,660.75,124.43,1376.25,1352.88,82.52
Thailand,2016,30.69,Male,822.17,91.63,1999.97,1612.89,87.01
Thailand,2016,30.69,Female,637.25,132.59,1415.1,1361.8,80.8
Thailand,2017,26.93,Male,766.27,97.07,1994.1,1584.15,84.86
Thailand,2017,26.93,Female,606.39,141.05,1402.67,1331.28,79.13
Thailand,2018,27.48,Male,711.94,103.11,2019.81,1546.56,83.48
Thailand,2018,27.48,Female,575.69,150.29,1414.13,1305.38,78.5
Thailand,2019,27.4,Male,670.21,109.49,2008.28,1514.53,81.25
Thailand,2019,27.4,Female,548.87,160.54,1385.89,1281.08,76.76
Turkmenistan,1990,24.7,Male,338.99,19.48,145.87,793.86,"1,586.17"
Turkmenistan,1990,24.7,Female,167.22,28.04,136.82,366.92,"1,161.35"
Turkmenistan,1995,28.73,Male,354.75,18.07,152,851.3,"1,297.26"
Turkmenistan,1995,28.73,Female,181.38,29.38,142.16,407.8,952.46
Turkmenistan,2000,26.1,Male,405.31,18.5,156.09,824.95,955.13
Turkmenistan,2000,26.1,Female,202,32.63,149.2,407.2,712.81
Turkmenistan,2005,30.56,Male,461.25,19.58,159.47,760.06,681.2
Turkmenistan,2005,30.56,Female,215.99,36.05,154.13,392.57,497.44
Turkmenistan,2010,28.62,Male,470.82,21.68,164.14,654.77,445.37
Turkmenistan,2010,28.62,Female,209.13,42.76,160.13,353.44,307.55
Turkmenistan,2011,27.13,Male,481.06,22.39,171.14,644.59,400.68
Turkmenistan,2011,27.13,Female,210.99,44.47,167.29,349.29,274.98
Turkmenistan,2012,26.2,Male,491.3,23.16,177.03,634.98,366.94
Turkmenistan,2012,26.2,Female,209.83,46.21,173.8,344.43,255.03
Turkmenistan,2013,27.82,Male,494.28,24.11,85.6,628.19,344.35
Turkmenistan,2013,27.82,Female,209.16,48.21,76.14,341.34,233.94
Turkmenistan,2014,27.78,Male,491.37,24.87,96.5,621.93,317.36
Turkmenistan,2014,27.78,Female,210.2,50.04,87.03,337.76,214.33
Turkmenistan,2015,28.61,Male,492.6,25.69,99.62,616.71,304.49
Turkmenistan,2015,28.61,Female,212.25,52.23,89.82,336.59,205.45
Turkmenistan,2016,27.78,Male,488.38,26.54,106.49,607.56,293.35
Turkmenistan,2016,27.78,Female,214.6,54.33,96.99,333.47,194.62
Turkmenistan,2017,26.29,Male,470.06,27.34,129.27,594.45,284.39
Turkmenistan,2017,26.29,Female,214.06,56.99,117.07,329.42,184.14
Turkmenistan,2018,26.54,Male,449.49,28.14,135.02,573.15,278.86
Turkmenistan,2018,26.54,Female,212.21,58.88,123.19,321.42,176.77
Turkmenistan,2019,26.03,Male,434.97,28.98,139.94,553.83,270.44
Turkmenistan,2019,26.03,Female,211.67,60.33,131.01,313.3,168.94
United Kingdom,1990,17.41,Male,2093.42,99.53,980.55,143.47,74.41
United Kingdom,1990,17.41,Female,1883.29,196.67,724.69,158.93,61
United Kingdom,1995,16.38,Male,2174.88,106.06,1029.01,145.46,72.82
United Kingdom,1995,16.38,Female,1852.09,215.85,778.98,161.34,59.67
United Kingdom,2000,14.86,Male,2410.5,114.16,995.26,147.19,73.57
United Kingdom,2000,14.86,Female,1951.76,225.44,760.39,164.04,59.55
United Kingdom,2005,13.34,Male,2712.33,131.32,1017.63,149.52,75.56
United Kingdom,2005,13.34,Female,2094.1,248.88,820.42,166.64,60.82
United Kingdom,2010,12.43,Male,2646.26,144.25,1077.38,151.57,78.31
United Kingdom,2010,12.43,Female,1877.87,264.98,861.77,170.17,63.07
United Kingdom,2011,13,Male,2667.47,148.3,1096.71,153.9,81.8
United Kingdom,2011,13,Female,1886.7,267.78,888.15,173,65.41
United Kingdom,2012,11.43,Male,2683.16,153.86,1083.99,155.93,84.02
United Kingdom,2012,11.43,Female,1842.63,271.46,917.6,176.29,67.31
United Kingdom,2013,11.42,Male,2689.27,159.76,1099.04,88.19,84.54
United Kingdom,2013,11.42,Female,1833.87,274.22,944.75,84.61,82.81
United Kingdom,2014,10.89,Male,2659.88,165.11,1119.81,105.05,82.67
United Kingdom,2014,10.89,Female,1816.4,276.92,958.25,108.28,72.76
United Kingdom,2015,10.37,Male,2627.49,169.57,1107.93,119.05,91.24
United Kingdom,2015,10.37,Female,1783.52,280.21,974.54,124.65,81.35
United Kingdom,2016,10.21,Male,2577.82,171.32,1092.72,130.53,88.95
United Kingdom,2016,10.21,Female,1758,281.84,977.57,138.74,75.48
United Kingdom,2017,10.36,Male,2461.27,172.17,1094.96,139.23,80.12
United Kingdom,2017,10.36,Female,1709.7,284.53,997.15,151.9,66.96
United Kingdom,2018,10.17,Male,2332.16,173.25,1112.55,140.12,78.1
United Kingdom,2018,10.17,Female,1648.26,288.43,1000.46,153.92,64.79
United Kingdom,2019,10.09,Male,2238.46,175.66,1101.8,141.46,76.13
United Kingdom,2019,10.09,Female,1590.82,292.27,977.96,155.95,62.86
